use labsoftware;
insert into users values
(1, '管理员', 'root', '123456', 1);

insert into administrator values
(1, 1, 'root', '男', 'db2021@hit.edu.cn');

insert into software_type values
(1, '常用集成开发环境'),
(2, '计算机专业课类软件'),
(3, '经管类'),
(4, '数学类'),
(5, '机械自动化类'),
(6, '建筑类'),
(7, '材料环境类'),
(8, '人文类'),
(9, '电信类'),
(10, '常用软件');

insert into software (software_id, software_name, software_info, type_id)values
(1, 'Dev-C++', "轻量级 C/C++ 集成开发环境（IDE）", 1),
(2, 'Pycharm', "主流的Python集成开发环境(IDE)之一,该版本是完全免费的。", 1),
(3, 'Anaconda Navigator', "是Anaconda发行版中包含的桌面图形用户界面（GUI），可启动应用程序并轻松管理conda程序包，环境和通道，而无需使用命令行命令。conda是包及其依赖项和环境的管理工具，conda为Python项目而创造，但可适用于多种语言。）", 1),
(4, 'Code Blocks', "轻量级 C/C++ 集成开发环境（IDE）", 1),
(5, 'Eclipse committers', "主要用来Java语言开发，但是目前亦有人通过插件使其作为其他计算机语言比如C++和Python的开发工具", 1),
(6, 'Node.js', "Node.js 是运行在服务端的 JavaScript。Node.js 是一个基于Chrome JavaScript 运行时建立的一个平台。", 1),
(7, 'Visual studio code', "简称VS Code，是一个运行于 Mac OS X、Windows和 Linux 之上的，针对于编写现代Web和云应用的跨平台源代码编辑器，可在桌面上运行。它具有对JavaScript，TypeScript和Node.js的内置支持，并具有丰富的其他语言（例如C++，C＃，Java，Python，PHP，Go）和运行时（例如.NET和Unity）扩展的生态系统。", 1),
(8, 'Visual studio', "支持C#、C++、Python、Visual Basic、Node.js、HTML、JavaScript等各大编程语言，还能开发 iOS、Android 的移动平台应用，Visual Studio 2017还自带了iOS模拟器。", 1),
(9, '微信开发者工具', "开发和调试微信小程序", 1),
(10, 'Intellij IDEA', "JAVA集成开发环境", 1),
(11, 'Python3.7', null, 1),
(12, 'Vmware workststion', "允许用户将 Linux、Windows 等多个操作系统作为虚拟机在单台 PC 上运行", 2),
(13, 'Oracle VM VirtualBox', "VirtualBox是一款简单易用还免费的开源虚拟机。", 2),
(14, 'MobaXterm', "多功能远程控制工具，支持与主流的操作系统连接进行控制和管理操作。", 2),
(15, 'Weka3.8', null, 2),
(16, 'PowerDesigner 16.5', "PowerDesigner是一款非常实用的数据库管理软件,它可以从物理和概念两个层面设计数据库,方便用户制作处清晰直观的数据流程图和", 2),
(17, 'MySQL', "数据库管理系统", 2),
(18, 'MySQL shell', "mysql-shell是一个高级的mysql命令行工具", 2),
(19, 'Mysql workbench', "可视化mysql管理工具", 2),
(20, 'Staruml', null, 2),
(21, 'Wireshark', "Wireshark（前称Ethereal）是一个网络封包分析软件。网络封包分析软件的功能是撷取网络封包，并尽可能显示出最为详细的网络封", 2),
(22, 'DOS Box 0.74', "DOSBox是一个软件。它是当前在 Windows、Linux，macOS，Android系统运行 DOS 游戏的较为完美的解决方案，该软件不仅能支持相当多的游戏实现正常运行，而且能将声音完美表现出来。", 2),
(23, 'Masm集成实验环境', "Masm for Windows 集成实验环境是针对汇编语言初学者的特点开发的一个简单易用的汇编语言学习与实验软件", 2),
(24, 'Docnav', "VIVADO安装好以后桌面上会出现这样一个快捷方式，这就是DocNav", 2),
(25, 'Vivado 2018.3', "Vivado设计套件，是FPGA厂商赛灵思公司2012年发布的集成设计环境。包括高度集成的设计环境和新一代从系统到IC级的工具，这些均建立在共享的可扩展数据模型和通用调试环境基础上。", 2);

insert into equipment values
(1, 'P320', "I7，内存32G，显卡P2000", null, 256),
(2, 'P520', "W-2123，内存32G，显卡2080TI", null, 256),
(3, 'M710T', "I7，内存16G，显卡2G", null, 128),
(4, 'M720T', "I7，内存16G，显卡2G", 'ubuntu18.04', 256),
(5, 'M730T', "I7，内存16G，显卡2G", null, 256);


insert into lab values
(1, 1, 1, 'T2102', 86),
(2, 1, 1, 'T2106', 27),
(3, 1, 1, 'T2109', 49),
(4, 1, 1, 'T2210', 94),
(5, 1, 1, 'T2504', 24),
(6, 1, 1, 'T2506', 45),
(7, 1, 1, 'T2507', 80),
(8, 1, 1, 'T2510', 52),
(9, 1, 1, 'T2511', 40),
(10, 1, 1, 'T2513', 20),
(11, 1, 1, 'T2606', 42),
(12, 1, 1, 'T2608', 75),
(13, 1, 1, 'T2612', 45),
(14, 1, 1, 'T2615', 45);

insert into software_have(lab_id, software_id) values
(1, 7),(1, 10),(1, 1),(1, 4),(1, 8),(1, 11),(1, 17),(1, 2),(1, 21),
(2, 8),(2, 1),(2, 7),(2, 9),(2, 3),(2, 4),(2, 5),(2, 6),(2, 10),(2, 12),(2, 13),(2, 14),(2, 25),
(3, 1),(3, 2),(3, 4),(3, 7),(3, 8),(3, 10),(3, 21),(3, 24),(3, 25),(3, 11),
(4, 1),(4, 2),(4, 4),(4, 3),(4, 7),(4, 8),(4, 17),(4, 11),(4, 16),(4, 22),(4, 14),(4, 23),
(5, 1),(5, 2),(5, 3),(5, 4),(5, 7),(5, 8),(5, 9),(5, 6),(5, 10),(5, 12),(5, 13),(5, 14),(5, 24),(5, 25),
(11, 1),(11, 4),(11, 10),(11, 7),(11, 12),(11, 14),(11, 21),
(12, 1),(12, 4),(12, 7),(12, 11),(12, 2),(12, 8),(12, 17),(12, 16),
(13, 4),(13, 8),(13, 11),(13, 1),(13, 7),(13, 10),(13, 24),(13, 25),(13, 23),(13, 22),(13, 12),
(14, 4),(14, 8),(14, 11),(14, 1),(14, 7),(14, 10),(14, 24),(14, 25),(14, 23),(14, 22);

insert into department values
(1, '计算机科学与技术学院'),
(2, '经济管理学院'),
(3, '建筑学院'),
(4, '机电工程与自动化学院'),
(5, '电子与信息工程学院'),
(6, '理学院'),
(7, '人文与社会科学学院'),
(8, '土木与环境工程学院');

insert into course values
(1, '大数据导论', 1, 4, 131),
(2, '密码学基础', 1, 16, 112),
(3, '编译原理', 1, 16, 55),
(4, '深度学习体系结构', 1, 16, 55),
(5, '智能证券投资学', 1, 10, null),
(6, '数字逻辑设计', 1, 20, 527),
(7, '操作系统', 1, 24, 323),
(8, '计算机体系结构', 1, 28, 134),
(9, '数据库系统', 1, 16, 326);

insert into teacher values
(1, null, '魏雨虹', '女', null),
(2, null, '谢佳', '女', null),
(3, null, '苏婷', '女', null),
(4, null, '汪花梅', '女', null),
(5, null, '江仲鸣', '男', null),
(6, null, '王晓龙', '男', null),
(7, null, '仇洁婷', '女', null),
(8, null, '马世禹', '男', null),
(9, null, '房敏', '女', null);

insert into teach_course values
(1,2),(2,3),(3,4),(4,5),(5,6),(6,5),(7,7),(8,5),(8,8),(9,9),(9,2);

insert into software_need(course_id, software_id) values
(1, 2),(1, 11),(2, 7),(3, 4),(3, 7),(4, 25),(6, 25),(7, 7),(7, 13),(7,14),(8, 25),(8, 13),(9, 17),(9, 16);

insert into lab_course values
(1, 12),(2, 11),(2, 12),(3, 1),(4, 13),(5, 1),(6, 13),(7, 2),(7, 5),(8, 5),(9, 12),(9, 4);